ADVENTURE_EXPLORATION_NAME;EVENT_NAME
WRONG_TRACK;ADV_EVENT_NAME
SWAMP;ADV_EVENT_NAME
SURPRISING_DISCOVERY;ADV_EVENT_NAME
ITS_GOING_TO_RAIN;ADV_EVENT_NAME
THERES_SOMETHING_IN_THE_AIR;ADV_EVENT_NAME
BAMBOO;ADV_EVENT_NAME
OLD_HUT;ADV_EVENT_NAME
OLD_GRAVE;ADV_EVENT_NAME
SIGNS_OF_FIRE_1;ADV_EVENT_NAME
SHRINE;ADV_EVENT_NAME
WILD_BERRIES;ADV_EVENT_NAME
VIPERS;ADV_EVENT_NAME
SECRET_CAVE;ADV_EVENT_NAME
PUMA;ADV_EVENT_NAME
TIGER;ADV_EVENT_NAME
STORM_ON_THE_HORIZON;ADV_EVENT_NAME
LOST;ADV_EVENT_NAME
LOST_IN_THE_WOODS;ADV_EVENT_NAME
LOST_IN_THE_THICKET;ADV_EVENT_NAME
DANGEROUS_TERRAIN;ADV_EVENT_NAME
FLU;ADV_EVENT_NAME
EMPTY_FOREST;ADV_EVENT_NAME
COLD_WIND;ADV_EVENT_NAME
CARCASS;ADV_EVENT_NAME
RUINED_HUT;ADV_EVENT_NAME
REMAINS_OF_A_SETTLEMENT;ADV_EVENT_NAME
THORNY_BUSH;ADV_EVENT_NAME
MISADVENTURE;ADV_EVENT_NAME
WILD_DOG;ADV_EVENT_NAME
SIGNS_OF_FIRE_2;ADV_EVENT_NAME
